Designator,Val,Package,Mid X,Mid Y,Rotation,Layer
D2,WS2812B,LED_WS2812B_PLCC4_5.0x5.0mm_P3.2mm,252.912500,-76.200000,180.000000,top
D3,WS2812B,LED_WS2812B_PLCC4_5.0x5.0mm_P3.2mm,262.912500,-76.200000,180.000000,top
D4,WS2812B,LED_WS2812B_PLCC4_5.0x5.0mm_P3.2mm,272.912500,-76.200000,180.000000,top
D5,WS2812B,LED_WS2812B_PLCC4_5.0x5.0mm_P3.2mm,27.660000,-76.200000,0.000000,top
D6,WS2812B,LED_WS2812B_PLCC4_5.0x5.0mm_P3.2mm,17.660000,-76.200000,0.000000,top
D7,WS2812B,LED_WS2812B_PLCC4_5.0x5.0mm_P3.2mm,7.660000,-76.200000,0.000000,top
MX_0_0,MX-NoLED,MX-1U-Hotswap,-14.337549,0.000000,0.000000,top
MX_0_1,MX-NoLED,MX-1U-Hotswap,14.337551,0.000000,0.000000,top
MX_0_2,MX-NoLED,MX-1U-Hotswap,33.387551,0.000000,0.000000,top
MX_0_3,MX-NoLED,MX-1U-Hotswap,52.437551,1.940199,0.000000,top
MX_0_4,MX-NoLED,MX-1U-Hotswap,72.721851,-1.288500,-10.000000,top
MX_0_5,MX-NoLED,MX-1U-Hotswap,91.482451,-4.596500,-10.000000,top
MX_0_6,MX-NoLED,MX-1U-Hotswap,110.243050,-7.904500,-10.000000,top
MX_0_7,MX-NoLED,MX-1U-Hotswap,129.003650,-11.212500,-10.000000,top
MX_0_8,MX-NoLED,MX-1U-Hotswap,160.923551,-9.572300,10.000000,top
MX_0_9,MX-NoLED,MX-1U-Hotswap,179.684150,-6.264300,10.000000,top
MX_0_10,MX-NoLED,MX-1U-Hotswap,198.444751,-2.956299,10.000000,top
MX_0_11,MX-NoLED,MX-1U-Hotswap,217.205350,0.351699,10.000000,top
MX_0_12,MX-NoLED,MX-1U-Hotswap,237.713050,1.940200,0.000000,top
MX_0_13,MX-NoLED,MX-1U-Hotswap,256.763051,0.000000,0.000000,top
MX_0_14,MX-NoLED,MX-1U-Hotswap,275.813051,0.000000,0.000000,top
MX_0_14b1,MX-NoLED,MX-1U-Hotswap,285.338051,0.000000,0.000000,top
MX_1_0,MX-NoLED,MX-1U-Hotswap,-16.718848,-19.050000,0.000000,top
MX_1_1,MX-NoLED,MX-1U-Hotswap,16.718750,-19.050000,0.000000,top
MX_1_2,MX-NoLED,MX-1U-Hotswap,40.531250,-19.050000,0.000000,top
MX_1_3,MX-NoLED,MX-1U-Hotswap,61.090775,-18.581500,-10.000000,top
MX_1_4,MX-NoLED,MX-1U-Hotswap,79.851350,-21.889500,-10.000000,top
MX_1_5,MX-NoLED,MX-1U-Hotswap,98.611950,-25.197500,-10.000000,top
MX_1_6,MX-NoLED,MX-1U-Hotswap,117.372550,-28.505499,-10.000000,top
MX_1_7,MX-NoLED,MX-1U-Hotswap,153.748450,-30.181400,10.000000,top
MX_1_8,MX-NoLED,MX-1U-Hotswap,172.509051,-26.873400,10.000000,top
MX_1_9,MX-NoLED,MX-1U-Hotswap,191.269651,-23.565399,10.000000,top
MX_1_10,MX-NoLED,MX-1U-Hotswap,210.030251,-20.257399,10.000000,top
MX_1_11,MX-NoLED,MX-1U-Hotswap,230.569350,-17.989500,0.000000,top
MX_1_12,MX-NoLED,MX-1U-Hotswap,249.619350,-19.050000,0.000000,top
MX_1_13,MX-NoLED,MX-1U-Hotswap,268.669350,-19.050000,0.000000,top
MX_1_14,MX-NoLED,MX-1U-Hotswap,294.863051,0.000000,0.000000,top
MX_2_0,MX-NoLED,MX-1U-Hotswap,-19.100148,-38.100000,0.000000,top
MX_2_1,MX-NoLED,MX-1U-Hotswap,16.718750,-38.100000,0.000000,top
MX_2_2,MX-NoLED,MX-1U-Hotswap,42.912450,-38.100000,0.000000,top
MX_2_3,MX-NoLED,MX-1U-Hotswap,63.446950,-38.340800,-10.000000,top
MX_2_4,MX-NoLED,MX-1U-Hotswap,82.207550,-41.648800,-10.000000,top
MX_2_5,MX-NoLED,MX-1U-Hotswap,100.968150,-44.956800,-10.000000,top
MX_2_6,MX-NoLED,MX-1U-Hotswap,119.728750,-48.264800,-10.000000,top
MX_2_7,MX-NoLED,MX-1U-Hotswap,160.878850,-48.268000,10.000000,top
MX_2_8,MX-NoLED,MX-1U-Hotswap,179.639450,-44.959999,10.000000,top
MX_2_9,MX-NoLED,MX-1U-Hotswap,198.400050,-41.652000,10.000000,top
MX_2_10,MX-NoLED,MX-1U-Hotswap,217.160650,-38.343999,10.000000,top
MX_2_11,MX-NoLED,MX-1U-Hotswap,237.713150,-38.099999,0.000000,top
MX_2_12,MX-NoLED,MX-1U-Hotswap,256.763150,-38.100000,0.000000,top
MX_2_13,MX-NoLED,MX-1U-Hotswap,287.719401,-38.100000,0.000000,top
MX_2_14,MX-NoLED,MX-1U-Hotswap,292.481850,-19.050000,0.000000,top
MX_3_0,MX-NoLED,MX-1U-Hotswap,-21.481448,-57.150000,0.000000,top
MX_3_1,MX-NoLED,MX-1U-Hotswap,19.099900,-57.150000,0.000000,top
MX_3_2,MX-NoLED,MX-1U-Hotswap,50.056150,-57.150000,0.000000,top
MX_3_3,MX-NoLED,MX-1U-Hotswap,70.615450,-58.948700,-10.000000,top
MX_3_4,MX-NoLED,MX-1U-Hotswap,89.376050,-62.256700,-10.000000,top
MX_3_5,MX-NoLED,MX-1U-Hotswap,108.136650,-65.564700,-10.000000,top
MX_3_6,MX-NoLED,MX-1U-Hotswap,126.897250,-68.872700,-10.000000,top
MX_3_7,MX-NoLED,MX-1U-Hotswap,153.728450,-68.872700,10.000000,top
MX_3_8,MX-NoLED,MX-1U-Hotswap,172.489050,-65.564699,10.000000,top
MX_3_9,MX-NoLED,MX-1U-Hotswap,191.249650,-62.256699,10.000000,top
MX_3_10,MX-NoLED,MX-1U-Hotswap,210.010250,-58.948699,10.000000,top
MX_3_11,MX-NoLED,MX-1U-Hotswap,230.569450,-57.149999,0.000000,top
MX_3_12,MX-NoLED,MX-1U-Hotswap,249.619450,-57.150000,0.000000,top
MX_3_13,MX-NoLED,MX-1U-Hotswap,275.813250,-57.150000,0.000000,top
MX_3_14,MX-NoLED,MX-1U-Hotswap,302.006950,-57.150000,0.000000,top
MX_4_2,MX-NoLED,MX-1U-Hotswap,46.748150,-76.200000,0.000000,top
MX_4_3,MX-NoLED,MX-1U-Hotswap,69.652500,-78.122800,-10.000000,top
MX_4_5,MX-NoLED,MX-1U-Hotswap,102.483604,-83.911800,-10.000000,top
MX_4_5b1,MX-NoLED,MX-1U-Hotswap,107.173751,-84.738800,-10.000000,top
MX_4_8,MX-NoLED,MX-1U-Hotswap,178.142147,-83.911800,10.000000,top
MX_4_8b1,MX-NoLED,MX-1U-Hotswap,173.452001,-84.738800,10.000000,top
MX_4_10,MX-NoLED,MX-1U-Hotswap,210.973100,-78.122799,10.000000,top
MX_4_11,MX-NoLED,MX-1U-Hotswap,233.877450,-76.200000,0.000000,top